Category,Program Name,URL,Description
Accounting,"Accounting, BS",/programs/accounting-bs,"Draws upon the expertise of dedicated faculty who challenge, motivate, and encourage students in pursuit of their educational goals Accounting faculty, using practical business experience and real-world themes, help students bridge the gap from classroom to career Real business world experience may be obtained by students through school sponsored internships and the Central Cooperative Education Program Graduates are recruited from large international, national, regional, and local accounting firms, Fortune 500 companies, State of Connecticut, FBI, IRS, as well as many other organizations Option for 5-year accelerated BS in Accounting/MBA or BS in Accounting/MSA Financial aid and scholarships available Free on-campus child care available"
Accounting,"Accounting, MS",/programs/accounting-ms,"Starts every January, May, and August 30-credit program Attend full- or part-time Classes offered evenings on-campus and online Aligned with current CPA academic standards Curriculum capitalizes on emerging technological trends and analytics On-campus recruitment by major CPA employers Financial aid is available"
Accounting,"Accounting Analytics, OCP",/programs/accounting-analytics-ocp,Starts every January and August 12-credit program Attend part-time Classes offered evening on-campus and online No GMAT/GRE required
Accounting and Finance,Banking Excellence Certificate,/programs/banking-excellence-certificate,Tailored curriculum of 400 level courses 12-credits Classes available on-campus Small class sizes Classes taught by professionals with industry expertise Paid internship Individual advising Guest speaker presentations Tours of financial institutions Industry-related extracurricular opportunities Can be added to existing undergraduate programs Financial aid and scholarships available
African Studies,"African Studies, Minor",/programs/african-studies-minor,
African-American Studies,"African-American Studies, Minor",/programs/african-american-studies-minor,
American Studies,"American Studies, Minor",/programs/american-studies-minor,
Anthropology,"Anthropology, BA",/programs/anthropology-ba,
Anthropology,"Anthropology, Minor",/programs/anthropology-minor,
Anthropology,"Biological Anthropology, Minor",/programs/biological-anthropology-minor,
Anthropology,"Practicing Anthropology, Minor",/programs/practicing-anthropology-minor,
Archaeology,"Archaeology, Minor",/programs/archaeology-minor,
Art,"Art, BA",/programs/art-ba,
Art,"Art History, Minor",/programs/art-history-minor,
Art,"Art, Minor",/programs/art-minor,
Art,"Art Education, BS (Certifiable for PK-12)",/programs/art-education-bs-certifiable-pk-12,
Art,"Art Education, MS",/programs/art-education-ms,
Art,Post-Baccalaureate Teacher Preparation in Art Education (K-12),/programs/post-baccalaureate-teacher-preparation-art-education-k-12,
Artificial Intelligence,Application of Artificial Intelligence Minor,/programs/application-artificial-intelligence-minor,18-credit interdisciplinary program Attend classes on-campus and online Discipline-based education Hand-son facilities State-of-the-art labs and equipment Opportunities for research projects including building generative AI solutions Financial aid available
Artificial Intelligence,Artificial Intelligence MS,/programs/artificial-intelligence-ms,"Starts every January and August 30 to 32 credits Attend full- or part-time Small class sizes Experienced faculty who bring real-world experience and expertise in areas such as machine learning, cybersecurity, data mining, generative AI, and intelligent robotics State-of-the-art lab equipment and facilities Newly established Artificial Intelligence Corridor Free on-campus childcare Financial aid available"
Asian American and Pacific Islander Studies,"Asian American and Pacific Islander Studies, Minor",/programs/asian-american-and-pacific-islander-studies-minor,
Astrobiology,"Astrobiology, Minor",/programs/astrobiology-minor,
Astronomy,"Astronomy, Minor",/programs/astronomy-minor,
Athletic Training,"Athletic Training, MSAT",/programs/athletic-training-msat,
Biochemistry,"Biochemistry, BS",/programs/biochemistry-bs,
Biochemistry,"Biochemistry, Minor",/programs/biochemistry-minor,
Biology,"Biology, BS",/programs/biology-bs,
Biology,"Biology (Non-teaching), Minor",/programs/biology-non-teaching-minor,
Biology,"Biology (Certifiable for Secondary Teaching), BS",/programs/biology-certifiable-secondary-teaching-bs,
Biology,"Biological Sciences, MA/MS",/programs/biological-sciences-ma/ms,
Biology,Post-Baccalaureate Teacher Preparation in Biology for Secondary Education,/programs/post-baccalaureate-teacher-preparation-biology-secondary-education,
Biomolecular Sciences,"Biomolecular Sciences, BS",/programs/biomolecular-sciences-bs,
Biomolecular Sciences,"Biomolecular Sciences (Non-teaching), Minor",/programs/biomolecular-sciences-non-teaching-minor,
Biomolecular Sciences,"Biomolecular Sciences, MS",/programs/biomolecular-sciences-ms,
Business,"Business, BS",/programs/business-bs,
Business,"Business Analytics, BS",/programs/business-analytics-bs,
Business,Project Management Certificate,/programs/project-management-certificate,12-credit program Small class sizes State-of-the-art software and lab equipment Hands-on faculty with real-world experience Access to workforce development scholarship Financial aid available
Business,Applied Metrology & Six Sigma Quality Certificate,/programs/applied-metrology-six-sigma-quality-certificate,Available in hybrid and evening courses 15-credits Attend full- or part-time Small class sizes Access to state-of-the-art lab equipment and software All classes applicable to real-world workplace situations Classes taught by professionals with industry expertise Can be added to existing undergraduate programs or taken as a standalone program Can be stacked with other undergraduate certificates Financial aid and scholarships available
Business,"Business (for non-business majors), Minor",/programs/business-non-business-majors-minor,
Business,"Business Administration, MBA",/programs/business-administration-mba,
Business,Official Certificate Program in Business Analytics,/programs/official-certificate-program-business-analytics,
Business,Official Certificate Program in Business Leadership,/programs/official-certificate-program-business-leadership,
Chemistry,"Chemistry, BS",/programs/chemistry-bs,
Chemistry,"Chemistry, Minor",/programs/chemistry-minor,
Chemistry,"Chemistry (Certifiable for Secondary Education), BS",/programs/chemistry-certifiable-secondary-education-bs,
Cinema Studies,"Cinema Studies, Minor",/programs/cinema-studies-minor,
Civil Engineering,"Civil Engineering, BS",/programs/civil-engineering-bs,
Climate Change Studies,"Climate Change Studies, BS",/programs/climate-change-studies-bs,
Climate Change Studies,"Climate Change Studies, BA",/programs/climate-change-studies-ba,Interdisciplinary 36 credit program Classes on-campus and online Opportunity to double major or minor in an allied field Faculty with expertise drawn from a wide spectrum of academic disciplines Opportunities to participate in capstone projects that provide the skills and experiences valued by employers. Access to state-of-the-art labs Financial aid and scholarships available
Climate Change Studies,"Climate Change Studies, Minor",/programs/climate-change-studies-minor,
Commercial Lending,Official Certificate Program in Commercial Lending,/programs/official-certificate-program-commercial-lending,
Communication,"Strategic Communication, BA",/programs/strategic-communication-ba,"Attend full- or part-time Classes on-campus or in hybrid format Small class sizes Engaged, diverse faculty who are experts in their field Study abroad opportunities Internships in government, nonprofits, and private businesses Minor in Strategic Communication is also available Financial aid and scholarships available Free on-campus child care available"
Communication,"Strategic Communication, Minor",/programs/strategic-communication-minor,
Communication,"Strategic Communication, MS",/programs/strategic-communication-ms,
Community Engagement,"Community Engagement, Minor",/programs/community-engagement-minor,
Computer Electronics & Graphics Technology,"Graphics Technology, BS",/programs/graphics-technology-bs,
Computer Electronics & Graphics Technology,"Graphics Technology, Minor",/programs/graphics-technology-minor,
Computer Engineering Technology,"Computer Engineering Technology, BS",/programs/computer-engineering-technology-bs,
Computer Science,"Computer Science, BA",/programs/computer-science-ba,
Computer Science,"Computer Science, BS",/programs/computer-science-bs,
Computer Science,Database Management Certificate,/programs/database-management-certificate,"12-credit program Small class sizes Classes offered on-campus, online, and evenings Designed for working professionals State-of-the-art software and lab equipment Hands-on faculty with real-world experience Free on-campus childcare"
Computer Science,"Computer Science, Minor",/programs/computer-science-minor,
Computer Science,"Cybersecurity Technology, Minor",/programs/cybersecurity-technology-minor,
Computer Science,Digital Humanities Minor,/programs/digital-humanities-minor,"Interdisciplinary program 18-credits Small class sizes Access to state-of-the-art technology, including: Artificial Intelligence tools Virtual reality E-Sports and gaming computers Opportunities to design original multimedia and interdisciplinary research projects and publish those projects online as part of a professional portfolio"
Computer Science,"Computer Information Technology, MS",/programs/computer-information-technology-ms,
Construction Management,"Construction Management, BS",/programs/construction-management-bs,
Construction Management,"Building Construction Management, Minor",/programs/building-construction-management-minor,
Construction Management,"Construction Management, MS",/programs/construction-management-ms,
Construction Management,Official Certificate Program in Construction Management,/programs/official-certificate-program-construction-management,
Counseling & Counselor Education,"Counselor Education with Specialization in Clinical Professional Counseling, MS",/programs/counselor-education-specialization-clinical-professional-counseling-ms,
Counseling & Counselor Education,"Counselor Education with Specialization in School Counseling, MS",/programs/counselor-education-specialization-school-counseling-ms,
Counseling & Counselor Education,"Student Development in Higher Education, MS",/programs/student-development-higher-education-ms,
Counseling & Counselor Education,Advanced Official Certificate Program in Professional Counseling,/programs/advanced-official-certificate-program-professional-counseling,
Creative Writing,"Creative Writing, Minor",/programs/creative-writing-minor,
Criminology & Criminal Justice,"Criminology, BA",/programs/criminology-ba,
Criminology & Criminal Justice,"Criminal Justice, Minor",/programs/criminal-justice-minor,
Criminology & Criminal Justice,"Criminal Justice, MS",/programs/criminal-justice-ms,
Criminology & Criminal Justice,"Criminal Justice Administration, MA",/programs/criminal-justice-administration-ma,
Criminology & Criminal Justice,Official Certificate Program in Criminal Justice Leadership,/programs/official-certificate-program-criminal-justice-leadership,
Criminology & Criminal Justice,Official Certificate Program in Victim's Advocacy,/programs/official-certificate-program-victims-advocacy,
Criminology & Criminal Justice,Official Certificate Program in Forensic Counseling,/programs/official-certificate-program-forensic-counseling,
Cross-Cultural Analysis,Cross-Cultural Analysis Minor,/programs/cross-cultural-analysis-minor,
Cybersecurity,"Cybersecurity, BS",/programs/cybersecurity-bs,
Cybersecurity,"Cybersecurity, MS",/programs/cybersecurity-ms,Starts every January and August 33 credits Attend full- or part-time Classes on-campus Small class sizes Flexible classes to accommodate working professionals of various backgrounds Expert faculty dedicated to student success Access to Central’s state-of-the-art Cybersecurity Hall Newly established Artificial Intelligence Corridor Capstone project that allows students to apply their knowledge to a specific cybersecurity-related problem Networking opportunities and potential pathways to internships and employment Free on-campus childcare Financial aid available
Dance,"Dance, Minor",/programs/dance-minor,
Dance,"Dance Education, BS",/programs/dance-education-bs,
Data Science,"Data Science, MS",/programs/data-science-ms,
Data Science,Official Certificate Program in Data Science,/programs/official-certificate-program-data-science,
Detective,Detective Certificate,/programs/detective-certificate,
Detective,Advanced Detective Certificate,/programs/advanced-detective-certificate,
Early Childhood Studies,Early Childhood Studies,/programs/early-childhood-studies,
Earth Sciences,"Earth Sciences, BS",/programs/earth-sciences-bs,
Earth Sciences,"Earth Sciences, Minor",/programs/earth-sciences-minor,
Earth Sciences,"Earth Sciences (Certifiable for secondary teaching), Minor",/programs/earth-sciences-certifiable-secondary-teaching-minor,
Earth Sciences,"Earth Sciences (Certifiable for Secondary Education), BS",/programs/earth-sciences-certifiable-secondary-education-bs,
East Asian Studies,"East Asian Studies, Minor",/programs/east-asian-studies-minor,
Economics,"Economics, BA",/programs/economics-ba,
Economics,"Economics, Minor",/programs/economics-minor,
Educational Leadership,"Educational Leadership, EdD",/programs/educational-leadership-edd,
Educational Leadership,Sixth-Year Certificate in Educational Leadership,/programs/sixth-year-certificate-educational-leadership,
Educational Technology,"Educational Technology, MS",/programs/educational-technology-ms,
Electrical Engineering,"Electrical Engineering, BS",/programs/electrical-engineering-bs,
Electronics Technology,"Electronics Technology, BS",/programs/electronics-technology-bs,
Elementary Education,"Elementary Education, BS",/programs/elementary-education-bs,
Elementary Education,"Elementary Education, MS",/programs/elementary-education-ms,
Elementary Education,Post-Baccalaureate Teacher Preparation in Elementary Education,/programs/post-baccalaureate-teacher-preparation-elementary-education,
Engineering,Systems Engineering Minor,/programs/systems-engineering-minor,18-credit program Attend on-campus and online Small class sizes enable close interaction with instructors Comprehensive curriculum Hands-on faculty who bring real-world experience into the classroom All new cutting-edge facilities and laboratories Coursework that complements traditional engineering approaches by focusing on the entirety of a system
Engineering,"Systems Engineering, OCP",/programs/systems-engineering-ocp,"Starts every January and August 12-credit program Attend full- or part-time Tailored for working professionals, including managers and engineers seeking career advancement Can be geared towards the preparation for the International Council on Systems Engineering Certified Systems Engineering Professional (CSEP) program Courses taught by experienced professionals well-versed in practical systems engineering applications All new cutting-edge facilities and laboratories Free on-campus childcare for Central students"
English,"English, BA",/programs/english-ba,"Small classes with engaged and diverse faculty Internship opportunities Student opportunities to write, publish, and read their works Study abroad experiences Accelerated program option to complete the BA and MA in five years Minors available in Creative Writing, Writing and Publishing, Teaching English to Speakers of Other Languages (TESOL), Descriptive Linguistics, Cinema Studies, and American Studies Financial aid and scholarships available Free on-campus child care available"
English,"English, Minor",/programs/english-minor,
English,"English (Certifiable for Elementary Education), BS",/programs/english-certifiable-elementary-education-bs,
English,"English (Certifiable for Secondary Education), BS",/programs/english-certifiable-secondary-education-bs,
English,"English, MA",/programs/english-ma,
English,Post-Baccalaureate Teacher Preparation in English for Secondary Education,/programs/post-baccalaureate-teacher-preparation-english-secondary-education,"Learn and apply engaging and inclusive pedagogical theories and practices Focus on effective and innovative English Language Arts methods Engage in active fieldwork in public schools Apprentice to mentor teachers Complete a semester-long student teaching internship Develop leadership capacities in education and communication Attend coursework full- or part-time Co-build camaraderie and supports via small, cohorted classes Enjoy job market and career-focused mentorship both before and beyond graduation from a range of program faculty, mentor teachers, and clinical supervisors with decades of experience in CT public schools"
Entrepreneurship,"Entrepreneurship, Minor",/programs/entrepreneurship-minor,
Environmental and Occupational Safety,Official Certificate Program in Environmental and Occupational Safety,/programs/official-certificate-program-environmental-and-occupational-safety,
European Studies,"European Studies, Minor",/programs/european-studies-minor,
Exercise Science,"Exercise Science, BS",/programs/exercise-science-bs,
Finance,"Finance, BS",/programs/finance-bs,
Game Studies,"Game Studies, Minor",/programs/game-studies-minor,"18-credit program: 9 required, 9 electives Opportunities to develop specialized skill Use of Central’s Esports Center Access to the new XR Lab Opportunity to create and develop games Access to faculty with experience in game design Guest speakers from the games industry"
General Science,"General Science (Certifiable for secondary teaching), Minor",/programs/general-science-certifiable-secondary-teaching-minor,
General Science,General Science: Biology or Earth Sciences (Certifiable for Elementary Education) BS,/programs/general-science-biology-or-earth-sciences-certifiable-elementary-education-bs,
General Studies,"General Studies, BGS",/programs/general-studies-bgs,
Geography,"Geography, BA & BS",/programs/geography-ba-bs,
Geography,Environmental Geography Minor,/programs/environmental-geography-minor,
Geography,"Geographic Information Sciences, Minor",/programs/geographic-information-sciences-minor,
Geography,"Geography, Minor",/programs/geography-minor,
Geography,"Geography: Planning, Minor",/programs/geography-planning-minor,
Geography,"Geography, MS",/programs/geography-ms,"Starts every January and August 30-credit program Attend full- or part-time Hybrid class options (50% in person, 50% online) Evening classes available Financial aid is available No GMAT/GRE required"
Geology,"Geology, Minor",/programs/geology-minor,
Gerontology,Gerontology Certificate,/programs/gerontology-certificate,
Gerontology,"Gerontology, Minor",/programs/gerontology-minor,
Graphic/Information Design,"Graphic/Information Design, BA",/programs/graphic-information-design-ba,
Graphic/Information Design,Undergraduate Certificate in UX Design,/programs/undergraduate-certificate-ux-design,
Graphic/Information Design,"Information Design, MA",/programs/information-design-ma,
History,"History, BA",/programs/history-ba,
History,Cultural Resource Management Undergraduate Certificate,/programs/cultural-resource-management-undergraduate-certificate,
History,"History, Minor",/programs/history-minor,
History,"Public History, Minor",/programs/public-history-minor,
History,"History (Certifiable for Elementary Education), BS",/programs/history-certifiable-elementary-education-bs,
History,"History/Social Studies (Certifiable for Secondary Education), BS",/programs/history/social-studies-certifiable-secondary-education-bs,
History,"History, MA",/programs/history-ma,
History,"Public History, MA",/programs/public-history-ma,
History,"Cultural Resource Management, OCP",/programs/cultural-resource-management-ocp,"12-credit program Small class sizes Classes offered on-campus, with the option of off-campus field schools and/or internships Designed for working professionals Hands-on faculty with real-world experience in the classroom, laboratory, and/or field schools Free on-campus childcare"
History,Post-Baccalaureate Teacher Preparation in History/Social Studies for Secondary Education,/programs/post-baccalaureate-teacher-preparation-history/social-studies-secondary-education,
International Studies,"International Studies, BA",/programs/international-studies-ba,
International Studies,"Global Studies, Minor",/programs/global-studies-minor,
International Studies,"International Studies, MS",/programs/international-studies-ms,
Journalism,"Journalism, BA",/programs/journalism-ba,
Journalism,"Journalism, Minor",/programs/journalism-minor,
Language Studies,"French, BA",/programs/french-ba,
Language Studies,"Italian, BA",/programs/italian-ba,
Language Studies,"Spanish, BA",/programs/spanish-ba,Attend full- or part-time Classes on-campus or in hybrid format Course abroad opportunities in Spain and Latin America Technology-enhanced instruction Internship opportunities Financial aid and scholarships available Free on-campus child care available
Language Studies,ASL and Deaf Studies Program,/programs/asl-and-deaf-studies-program,"15-credit interdisciplinary program Starts every August Attend classes on-campus and online Hands-on instruction Opportunities to interact with the deaf community Appropriate for students interested in education, in-service teachers, and administrators"
Language Studies,English-Spanish Translation Certificate,/programs/english-spanish-translation-certificate,12-credit program Classes offered online and in hybrid format Service learning projects in local communities Hands-on faculty with real world experience Can be stacked with a Spanish major or minor
Language Studies,"World Languages, Literatures, and Cultures, Minor",/programs/world-languages-literatures-and-cultures-minor,
Language Studies,"French (Certifiable for Secondary Education), BS",/programs/french-certifiable-secondary-education-bs,
Language Studies,Italian (Certifiable for Secondary Education),/programs/italian-certifiable-secondary-education,
Language Studies,"World Languages, MA",/programs/world-languages-ma,
Language Studies,"Spanish: Inter-University Spanish Language & Culture, MA",/programs/spanish-inter-university-spanish-language-culture-ma,"A qualitatively distinctive course of study, one designed from its inception to focus primarily on the needs of Spanish teachers for the timely completion of the degree both by means of regular courses available on the Central campus which are scheduled at convenient times for teachers, and by means of the intensive modules of summer study offered both at Central and at the University of Salamanca A program that has as an integral part the linguistically and culturally valuable experience of living in a Spanish-speaking country while completing degree requirements An innovative degree awarded by Central and obtained in collaboration with the University of Salamanca, lending it both international character and the distinctive imprimatur of one of Europe's oldest and most prestigious universities"
Language Studies,Post-Baccalaureate Teacher Preparation in Modern Languages for Secondary Education,/programs/post-baccalaureate-teacher-preparation-modern-languages-secondary-education,
Latin American Studies,"Latin American Studies, Minor",/programs/latin-american-studies-minor,
Latino & Puerto Rican Studies,"Latino & Puerto Rican Studies, Minor",/programs/latino-puerto-rican-studies-minor,
Lean Manufacturing & Six Sigma,Official Certificate Program in Lean Manufacturing and Six Sigma,/programs/official-certificate-program-lean-manufacturing-and-six-sigma,
Linguistics,"Linguistics, Minor",/programs/linguistics-minor,
Linguistics,"Applied Linguistics, MA",/programs/applied-linguistics-ma,
Management,"Management, BS",/programs/management-bs,
Management Information Systems,"Management Information Systems, BS",/programs/management-information-systems-bs,
Management Information Systems,"Management Information Systems (for business majors and non-business majors), Minor",/programs/management-information-systems-business-majors-and-non-business-majors-minor,
Manufacturing Engineering,"Manufacturing Engineering Technology, BS",/programs/manufacturing-engineering-technology-bs,
Manufacturing Engineering,Official Certificate Program in Additive Manufacturing Engineering,/programs/official-certificate-program-additive-manufacturing-engineering,
Manufacturing Engineering,Official Certificate Program in Advanced Manufacturing Engineering,/programs/official-certificate-program-advanced-manufacturing-engineering,
Manufacturing Management,"Manufacturing Management, BS",/programs/manufacturing-management-bs,
Marketing,"Marketing, BS",/programs/marketing-bs,
Marketing,Marketing Minor,/programs/marketing-minor,18-credit program Small class sizes Diverse faculty possess PhDs from top universities and have extensive research and teaching experience Faculty committed to offering world class learning opportunities and helping every student succeed
Marriage & Family Therapy,"Marriage & Family Therapy, MS",/programs/marriage-family-therapy-ms,Starts every August 63-credit program Attend full-time Flexible class schedule helpful for working adults Practicum and internship opportunities Access to state-of-the-art clinical counseling laboratory Financial aid is available No GMAT/GRE required
Mathematics,"Mathematics, BA",/programs/mathematics-ba,
Mathematics,"Mathematics: Actuarial Science, BA",/programs/mathematics-actuarial-science-ba,
Mathematics,"Mathematics: Statistics, BA",/programs/mathematics-statistics-ba,
Mathematics,"Mathematics (For students completing secondary certificates), Minor",/programs/mathematics-students-completing-secondary-certificates-minor,
Mathematics,Mathematics Minor,/programs/mathematics-minor,
Mathematics,"Statistics, Minor",/programs/statistics-minor,
Mathematics,"Mathematics (Certifiable for Secondary Education), BS",/programs/mathematics-certifiable-secondary-education-bs,
Mathematics,"Mathematics, B.S. (Certifiable for elementary teaching)",/programs/mathematics-bs-certifiable-elementary-teaching,
Mathematics,"Mathematics with Specialization in Actuarial Science, MA",/programs/mathematics-specialization-actuarial-science-ma,
Mathematics,"Mathematics with Specialization in Computer Science, MA",/programs/mathematics-specialization-computer-science-ma,
Mathematics,"Mathematics with Specialization in Statistics, MA",/programs/mathematics-specialization-statistics-ma,
Mathematics,"Mathematics for Certified Teachers, MS",/programs/mathematics-certified-teachers-ms,
Mathematics,"Mathematics, MA",/programs/mathematics-ma,
Mathematics,Post-Baccalaureate Teacher Preparation in Mathematics for Secondary Education,/programs/post-baccalaureate-teacher-preparation-mathematics-secondary-education,
Mechanical Engineering,"Mechanical Engineering, BS",/programs/mechanical-engineering-bs,
Mechanical Engineering,"Mechanical Engineering Technology, BS",/programs/mechanical-engineering-technology-bs,
Mechanical Engineering,"Mechanical Engineering, MS",/programs/mechanical-engineering-ms,
Media Studies,"Media Studies, BA",/programs/media-studies-ba,"Media Studies offers three concentrations: Digital Filmmaking and TV Production; Media Analysis; and Multimedia Production and New Technologies Learn how to produce content in a studio and in the field Study abroad in places such as Rome, Paris, and Amsterdam Intern at a production studio Minor in Media Studies is also available Financial aid and scholarships available Free on-campus child care available"
Media Studies,"Integrated Multimedia Production, BA",/programs/integrated-multimedia-production-ba,"54-credit program State-of-the-art recording studios, computer labs, and Media Center Taught by hands-on faculty with real world experience in various media (e.g., broadcast, documentary, graphics, music/audio) Required experiential learning experiences that integrate a capstone project and an internship Multidisciplinary Open to transfer students Seamless transfer from 2-year Digital Arts or Media Technology programs"
Media Studies,"Media Studies, Minor",/programs/media-studies-minor,
Middle Eastern Studies,"Middle Eastern Studies, Minor",/programs/middle-eastern-studies-minor,
Music,"Music, BA",/programs/music-ba,
Music,"Music Education, BS",/programs/music-education-bs,
Music,"Music, Minor",/programs/music-minor,
Music,Post-Baccalaureate Teacher Preparation in Music Education (K-12),/programs/post-baccalaureate-teacher-preparation-music-education-k-12,
Networking,"Networking Information Technology, BS",/programs/networking-information-technology-bs,
Networking,"Networking Technology, Minor",/programs/networking-technology-minor,
Nurse Anesthesia Practice,"Doctor of Nurse Anesthesia Practice, DNAP",/programs/doctor-nurse-anesthesia-practice-dnap,
Nursing,"Nursing, BSN",/programs/nursing-bsn,
Nursing,"Nursing, RN to BSN",/programs/nursing-rn-bsn,
Nursing,"Accelerated Bachelor of Science in Nursing, BSN",/programs/accelerated-bachelor-science-nursing-bsn,Starts in Winter Session 60 credits Attend classes on campus and online Faculty with experience in a variety of nursing disciplines Curriculum that incorporates current clinical expertise of the faculty within the nursing courses/clinical rotations Strong test policy that includes NCLEX Next-Gen style questions Access to state-of-the-art facilities including high-fidelity simulation and virtual reality technology Individualized and NCLEX-prep coaching Faculty advising On-campus childcare Access to state-of-the-art labs Financial aid and scholarships available
Nursing,"Nursing, MSN",/programs/nursing-msn,40-credit program Attend part-time 100% online Doctoral prepared faculty with real world experience A supportive environment for students with the challenges of work/school/family responsibilities Virtual simulation Dedicated Program Coordinator Individual 1:1 advising Financial aid and scholarships are available No GMAT/GRE required Degree can be completed in 18 months Fully accredited by the Commission on Collegiate Nursing Education (CCNE) through 2034 in today’s evolving healthcare landscape
Peace Studies,"Peace Studies, Minor",/programs/peace-studies-minor,
Personal Financial Planning,"Personal Financial Planning, Minor",/programs/personal-financial-planning-minor,
Philosophy,"Philosophy, BA",/programs/philosophy-ba,
Philosophy,"Philosophy, Minor",/programs/philosophy-minor,
Physical Education,"Physical Education, BS",/programs/physical-education-bs,
Physical Education,"Physical Education with Specialization in Exercise Science, MS",/programs/physical-education-specialization-exercise-science-ms,
Physical Education,"Physical Education with Specialization in Teaching Physical Education (For Certified Teachers), MS",/programs/physical-education-teaching-pe-ms,
Physical Education,Post-Baccalaureate Teacher Preparation in Physical Education (K-12),/programs/post-baccalaureate-teacher-preparation-physical-education-k-12,
Physics,"Physics, BS",/programs/physics-bs,
Physics,"Physics, Minor",/programs/physics-minor,
Physics,"Physics (Certifiable for Secondary Education), BS",/programs/physics-certifiable-secondary-education-bs,
Polish Studies,"Polish Studies, Minor",/programs/polish-studies-minor,
Political Science,"Political Science, BA",/programs/political-science-ba,
Political Science,"Political Science, Minor",/programs/political-science-minor,
Pre-Health Studies,Official Certificate Program in Pre-Health Studies,/programs/official-certificate-program-pre-health-studies,
Psychological Science,"Psychological Science, BA",/programs/psychological-science-ba,
Psychological Science,"Psychological Science, Minor",/programs/psychological-science-minor,
Psychological Science,"Psychology, MA",/programs/psychology-ma,
Public Relations/Promotions,Official Certificate Program in Public Relations/Promotions,/programs/official-certificate-program-public-relations/promotions,
Racial Justice,Racial Justice Certificate,/programs/racial-justice-certificate,
Reading & Language Arts,"Reading and Language Arts, MS",/programs/reading-and-language-arts-ms,Starts every January and August Attend full- or part-time Courses offered on-campus and online National recognition by International Literacy Association Alignment with International Dyslexia Association’s standards Financial aid is available No essay/interview required for admission
Reading & Language Arts,Advanced Official Certificate Program in Reading and Language Arts,/programs/advanced-official-certificate-program-reading-and-language-arts,
Reading & Language Arts,Sixth-Year Certificate in Reading and Language Arts,/programs/sixth-year-certificate-reading-and-language-arts,
Religious Studies,"Religious Studies, Minor",/programs/religious-studies-minor,
Robotics & Mechatronics,"Robotics and Mechatronics Engineering Technology, BS",/programs/robotics-and-mechatronics-engineering-technology-bs,
Science,"Science, Minor",/programs/science-minor,
Science,Post-Baccalaureate Teacher Preparation in Science for Secondary Education,/programs/post-baccalaureate-teacher-preparation-science-secondary-education,
Social Studies,"Social Studies, Minor",/programs/social-studies-minor,
Social Work,"Social Work, BA",/programs/social-work-ba,
Social Work,"Social Work, MSW",/programs/social-work-msw,"Starts every August Advanced standing 30-credit program for BSW holders 60-credit program for non-BSW holders Attend full-or part-time Classes offered on-campus with evening options Rigorous, rich curriculum Internship opportunities Free on-campus childcare Financial aid available"
Sociology,"Sociology, BA",/programs/sociology-ba,
Sociology,"Sociology, Minor",/programs/sociology-minor,
Software Engineering,"Software Engineering, MS",/programs/software-engineering-ms,
Software Engineering,Official Certificate Program in Software Engineering,/programs/official-certificate-program-software-engineering,
Spanish,Certificate in Spanish for Health Professionals,/programs/certificate-spanish-health-professionals,
Spanish,"Spanish (Certifiable for Secondary Education), BS",/programs/spanish-certifiable-secondary-education-bs,
Special Education,Five-Year Accelerated BS+MS in Special Education,/programs/five-year-accelerated-bsms-special-education,
Special Education,"Special Education, MS",/programs/special-education-ms,
Special Education,"Special Education: Specialization for Initial Certification or Teachers Seeking Cross Endorsement, MS",/programs/special-education-initial-cert-cross-endorsement,
Special Studies,Individualized Major,/programs/individualized-major,
STEM Education for Certified Teachers,"Science, Technology, Engineering, and Math Education (STEM), MS",/programs/science-technology-engineering-and-math-education-stem-ms,"Starts every January and August 33-credit program Attend part-time Classes offered evenings and Saturdays on-campus Completion in as little as 3 years Hybrid class option (50% in person, 50% online) Financial aid is available No GMAT/GRE required"
Superintendent of Schools,Advanced Official Certificate Program in Superintendent of Schools,/programs/advanced-official-certificate-program-superintendent-schools,
Supply Chain & Logistics,"Supply Chain and Logistics Management, MS",/programs/supply-chain-and-logistics-management-ms,"Starts every January, May, and August 33-credit program Attend full- or part-time Classes accommodate working professionals Access to faculty with deep industry work experience Diverse categories of elective courses Choose from three capstone experiences:Comprehensive examApplied research paperMaster’s thesis Comprehensive exam Applied research paper Master’s thesis Financial aid is available No GMAT/GRE required"
Supply Chain & Logistics,Official Certificate Program in Supply Chain and Logistics,/programs/official-certificate-program-supply-chain-and-logistics,Starts every January and August 12-credit program Attend part-time Classes offered evening on-campus and online Can be completed in one year No GMAT or GRE required
Teacher Education,"Teacher Education, MAT",/programs/teacher-education-mat,
Teacher Leadership,"Teacher Leadership, MS",/programs/teacher-leadership-ms,"Starts every January, May, and August 30-credit program Attend full- or part-time Classes offered evenings on campus and online Design and course learning experiences are informed by:The National Teacher Leader Model Standards The National Teacher Leader Model Standards Choice of electives tailored to your interests Financial aid is available No GMAT/GRE required"
Technology & Engineering Education,"Technology & Engineering Education, BS",/programs/technology-engineering-education-bs,"Attend full- or part-time Small class sizes Classes held on-campus Access to new, state-of-the-art laboratories and technology Attendance and participation in regional and national conferences and competitions Dedicated faculty are experts in their field Financial aid and scholarships available Free on-campus child care available"
Technology & Engineering Education,Post-Baccalaureate Teacher Preparation in Technology and Engineering Education (K-12),/programs/post-baccalaureate-teacher-preparation-technology-and-engineering-education-k-12,
Technology Management,"Technology Management, BS",/programs/technology-management-bs,
Technology Management,"Quality Management, Minor",/programs/quality-management-minor,
Technology Management,"Technology Management, MS",/programs/technology-management-ms,"Starts every January, May, and August 30- to 33-credit program Attend full- or part-time Classes offered evenings on-campus and online Courses with a real-world focus Current with today’s problems and solutions Access to professors with deep industry work experience Financial aid is available No GMAT/GRE required"
TESOL,"TESOL, Minor",/programs/tesol-minor,
TESOL,Official Certificate Program in TESOL,/programs/official-certificate-program-tesol,Starts every January and August 18-credit program Attend full- or part-time Classes offered evenings Some electives available online during summer sessions Flexible format allows students to complete program at their own pace Students choose electives relevant to their interests No GMAT/GRE required
TESOL,Post-Baccalaureate Teacher Preparation in TESOL (K-12),/programs/post-baccalaureate-teacher-preparation-tesol-k-12,
Theatre,"Theatre, BA",/programs/theatre-ba,
Theatre,"Theatre, BFA",/programs/theatre-bfa,
Theatre,"Theatre, Minor",/programs/theatre-minor,
Theatre,"Theatre - Performance, Minor",/programs/theatre-performance-minor,
Tourism & Hospitality,"Tourism and Hospitality, BS",/programs/tourism-and-hospitality-bs,
Tourism & Hospitality,"Tourism, Minor",/programs/tourism-minor,
Transition Specialist,Official Certificate Program in Transition Specialist,/programs/official-certificate-program-transition-specialist,"Starts every January and August Attend part-time 16- to 18-credit program Applied internship experience individually arranged with supervision provided Flexible scheduling: over 80% hybrid and/or accelerated formats, evening classes Course-embedded assignments facilitate application and transfer of learning to the classroom Course content aligned with edTPA; candidates receive guidance and support throughout their edTPA development No GMAT/GRE required"
"Women, Gender, & Sexuality Studies","Women, Gender, and Sexuality Studies, Minor",/programs/women-gender-and-sexuality-studies-minor,
Writing & Publishing,"Writing & Publishing, Minor",/programs/writing-publishing-minor,
